CodigoTema;CodigoUbicacion;Inicio;Fin;FechaHora;Fecha;Hora
721;11;0;114;JU 3 / 11:30;03/04/2014;11:30:00
582;8;30;131;JU 3 / 12:00;03/04/2014;12:00:00
803;3;40;114;JU 3 / 12:10;03/04/2014;12:10:00
788;17;50;220;JU 3 / 12:20;03/04/2014;12:20:00
1122;2;75;160;JU 3 / 12:45;03/04/2014;12:45:00
1102;1;110;248;JU 3 / 13:20;03/04/2014;13:20:00
703;13;120;195;JU 3 / 13:30;03/04/2014;13:30:00
598;9;140;215;JU 3 / 13:50;03/04/2014;13:50:00
394;11;150;258;JU 3 / 14:00;03/04/2014;14:00:00
763;5;150;240;JU 3 / 14:00;03/04/2014;14:00:00
111;14;160;250;JU 3 / 14:10;03/04/2014;14:10:00
1210;3;165;263;JU 3 / 14:15;03/04/2014;14:15:00
1207;10;175;272;JU 3 / 14:25;03/04/2014;14:25:00
26;7;180;304;JU 3 / 14:30;03/04/2014;14:30:00
846;12;180;265;JU 3 / 14:30;03/04/2014;14:30:00
574;8;185;304;JU 3 / 14:35;03/04/2014;14:35:00
229;4;210;286;JU 3 / 15:00;03/04/2014;15:00:00
759;6;220;310;JU 3 / 15:10;03/04/2014;15:10:00
1098;13;240;345;JU 3 / 15:30;03/04/2014;15:30:00
442;16;270;351;JU 3 / 16:00;03/04/2014;16:00:00
641;5;270;380;JU 3 / 16:00;03/04/2014;16:00:00
1080;1;280;361;JU 3 / 16:10;03/04/2014;16:10:00
1192;14;280;370;JU 3 / 16:10;03/04/2014;16:10:00
811;9;285;320;JU 3 / 16:15;03/04/2014;16:15:00
900;9;285;315;JU 3 / 16:15;03/04/2014;16:15:00
510;17;300;321;JU 3 / 16:30;03/04/2014;16:30:00
668;17;300;314;JU 3 / 16:30;03/04/2014;16:30:00
770;17;300;335;JU 3 / 16:30;03/04/2014;16:30:00
931;12;300;397;JU 3 / 16:30;03/04/2014;16:30:00
1134;17;300;310;JU 3 / 16:30;03/04/2014;16:30:00
852;10;325;427;JU 3 / 16:55;03/04/2014;16:55:00
838;11;330;452;JU 3 / 17:00;03/04/2014;17:00:00
1299;2;340;445;JU 3 / 17:10;03/04/2014;17:10:00
868;8;345;420;JU 3 / 17:15;03/04/2014;17:15:00
629;4;350;437;JU 3 / 17:20;03/04/2014;17:20:00
617;7;355;451;JU 3 / 17:25;03/04/2014;17:25:00
90;6;370;394;JU 3 / 17:40;03/04/2014;17:40:00
664;6;370;420;JU 3 / 17:40;03/04/2014;17:40:00
528;16;380;466;JU 3 / 17:50;03/04/2014;17:50:00
295;15;390;390;JU 3 / 18:00;03/04/2014;18:00:00
633;1;390;489;JU 3 / 18:00;03/04/2014;18:00:00
1150;9;395;480;JU 3 / 18:05;03/04/2014;18:05:00
118;14;400;495;JU 3 / 18:10;03/04/2014;18:10:00
255;13;400;489;JU 3 / 18:10;03/04/2014;18:10:00
807;5;400;475;JU 3 / 18:10;03/04/2014;18:10:00
1181;12;430;519;JU 3 / 18:40;03/04/2014;18:40:00
134;17;440;526;JU 3 / 18:50;03/04/2014;18:50:00
221;3;475;587;JU 3 / 19:25;03/04/2014;19:25:00
752;2;480;568;JU 3 / 19:30;03/04/2014;19:30:00
1076;10;490;510;JU 3 / 19:40;03/04/2014;19:40:00
1322;10;490;536;JU 3 / 19:40;03/04/2014;19:40:00
274;7;500;581;JU 3 / 19:50;03/04/2014;19:50:00
299;16;500;597;JU 3 / 19:50;03/04/2014;19:50:00
480;4;500;562;JU 3 / 19:50;03/04/2014;19:50:00
78;5;510;590;JU 3 / 20:00;03/04/2014;20:00:00
968;11;510;596;JU 3 / 20:00;03/04/2014;20:00:00
784;15;520;610;JU 3 / 20:10;03/04/2014;20:10:00
1102;1;520;658;JU 3 / 20:10;03/04/2014;20:10:00
778;14;530;612;JU 3 / 20:20;03/04/2014;20:20:00
1291;6;530;607;JU 3 / 20:20;03/04/2014;20:20:00
343;8;535;577;JU 3 / 20:25;03/04/2014;20:25:00
347;8;535;586;JU 3 / 20:25;03/04/2014;20:25:00
1259;13;540;612;JU 3 / 20:30;03/04/2014;20:30:00
406;9;545;635;JU 3 / 20:35;03/04/2014;20:35:00
538;12;550;756;JU 3 / 20:40;03/04/2014;20:40:00
188;17;580;666;JU 3 / 21:10;03/04/2014;21:10:00
244;16;640;740;JU 3 / 22:10;03/04/2014;22:10:00
1058;7;640;733;JU 3 / 22:10;03/04/2014;22:10:00
251;2;645;733;JU 3 / 22:15;03/04/2014;22:15:00
130;4;655;743;JU 3 / 22:25;03/04/2014;22:25:00
1010;13;660;725;JU 3 / 22:30;03/04/2014;22:30:00
680;11;665;770;JU 3 / 22:35;03/04/2014;22:35:00
21;6;680;775;JU 3 / 22:50;03/04/2014;22:50:00
66;3;685;784;JU 3 / 22:55;03/04/2014;22:55:00
111;14;690;780;JU 3 / 23:00;03/04/2014;23:00:00
1028;5;690;813;JU 3 / 23:00;03/04/2014;23:00:00
566;10;695;781;JU 3 / 23:05;03/04/2014;23:05:00
986;1;700;804;JU 3 / 23:10;03/04/2014;23:10:00
355;15;705;771;JU 3 / 23:15;03/04/2014;23:15:00
684;17;720;815;JU 3 / 23:30;03/04/2014;23:30:00
74;9;725;824;JU 3 / 23:35;03/04/2014;23:35:00
142;8;730;815;JU 3 / 23:40;03/04/2014;23:40:00
146;16;765;856;VI 4 / 00:15;04/04/2014;00:15:00
660;3;780;875;VI 4 / 00:30;04/04/2014;00:30:00
819;2;785;860;VI 4 / 00:35;04/04/2014;00:35:00
521;6;795;885;VI 4 / 00:45;04/04/2014;00:45:00
114;8;1440;1516;VI 4 / 11:30;04/04/2014;11:30:00
295;15;1480;1480;VI 4 / 12:10;04/04/2014;12:10:00
1024;3;1490;1590;VI 4 / 12:20;04/04/2014;12:20:00
1170;9;1545;1628;VI 4 / 13:15;04/04/2014;13:15:00
184;17;1560;1651;VI 4 / 13:30;04/04/2014;13:30:00
38;11;1565;1598;VI 4 / 13:35;04/04/2014;13:35:00
95;11;1565;1640;VI 4 / 13:35;04/04/2014;13:35:00
139;8;1570;1650;VI 4 / 13:40;04/04/2014;13:40:00
610;14;1570;1675;VI 4 / 13:40;04/04/2014;13:40:00
792;8;1570;1625;VI 4 / 13:40;04/04/2014;13:40:00
991;13;1580;1667;VI 4 / 13:50;04/04/2014;13:50:00
943;1;1600;1688;VI 4 / 14:10;04/04/2014;14:10:00
78;5;1610;1690;VI 4 / 14:20;04/04/2014;14:20:00
378;7;1615;1705;VI 4 / 14:25;04/04/2014;14:25:00
21;6;1625;1720;VI 4 / 14:35;04/04/2014;14:35:00
445;3;1630;1700;VI 4 / 14:40;04/04/2014;14:40:00
480;4;1635;1697;VI 4 / 14:45;04/04/2014;14:45:00
351;10;1650;1728;VI 4 / 15:00;04/04/2014;15:00:00
51;12;1655;1756;VI 4 / 15:05;04/04/2014;15:05:00
1263;9;1675;1766;VI 4 / 15:25;04/04/2014;15:25:00
118;14;1705;1800;VI 4 / 15:55;04/04/2014;15:55:00
484;16;1710;1778;VI 4 / 16:00;04/04/2014;16:00:00
965;17;1710;1786;VI 4 / 16:00;04/04/2014;16:00:00
986;1;1720;1824;VI 4 / 16:10;04/04/2014;16:10:00
1283;13;1720;1780;VI 4 / 16:10;04/04/2014;16:10:00
752;2;1725;1813;VI 4 / 16:15;04/04/2014;16:15:00
221;3;1750;1862;VI 4 / 16:40;04/04/2014;16:40:00
33;7;1755;1803;VI 4 / 16:45;04/04/2014;16:45:00
947;7;1755;1811;VI 4 / 16:45;04/04/2014;16:45:00
795;8;1760;1878;VI 4 / 16:50;04/04/2014;16:50:00
1291;6;1765;1842;VI 4 / 16:55;04/04/2014;16:55:00
807;5;1770;1845;VI 4 / 17:00;04/04/2014;17:00:00
130;4;1775;1863;VI 4 / 17:05;04/04/2014;17:05:00
553;10;1780;1877;VI 4 / 17:10;04/04/2014;17:10:00
1114;12;1795;1884;VI 4 / 17:25;04/04/2014;17:25:00
371;16;1810;1890;VI 4 / 17:40;04/04/2014;17:40:00
196;9;1815;1916;VI 4 / 17:45;04/04/2014;17:45:00
367;13;1830;1899;VI 4 / 18:00;04/04/2014;18:00:00
525;14;1830;1902;VI 4 / 18:00;04/04/2014;18:00:00
1158;17;1840;1922;VI 4 / 18:10;04/04/2014;18:10:00
173;11;1855;1930;VI 4 / 18:25;04/04/2014;18:25:00
1080;1;1865;1946;VI 4 / 18:35;04/04/2014;18:35:00
339;5;1875;1932;VI 4 / 18:45;04/04/2014;18:45:00
233;2;1895;1906;VI 4 / 19:05;04/04/2014;19:05:00
545;2;1895;1915;VI 4 / 19:05;04/04/2014;19:05:00
1166;2;1895;1948;VI 4 / 19:05;04/04/2014;19:05:00
1106;7;1910;2007;VI 4 / 19:20;04/04/2014;19:20:00
846;12;1915;2000;VI 4 / 19:25;04/04/2014;19:25:00
213;6;1925;1986;VI 4 / 19:35;04/04/2014;19:35:00
327;16;1930;1930;VI 4 / 19:40;04/04/2014;19:40:00
430;10;1940;2016;VI 4 / 19:50;04/04/2014;19:50:00
676;4;1945;2020;VI 4 / 19:55;04/04/2014;19:55:00
1018;13;1950;2010;VI 4 / 20:00;04/04/2014;20:00:00
1240;3;1960;2022;VI 4 / 20:10;04/04/2014;20:10:00
209;17;1970;2063;VI 4 / 20:20;04/04/2014;20:20:00
192;9;1975;2050;VI 4 / 20:25;04/04/2014;20:25:00
972;14;1975;2060;VI 4 / 20:25;04/04/2014;20:25:00
43;11;1985;2075;VI 4 / 20:35;04/04/2014;20:35:00
872;8;1990;2055;VI 4 / 20:40;04/04/2014;20:40:00
943;1;1990;2078;VI 4 / 20:40;04/04/2014;20:40:00
303;15;2000;2060;VI 4 / 20:50;04/04/2014;20:50:00
641;5;2010;2120;VI 4 / 21:00;04/04/2014;21:00:00
998;12;2035;2111;VI 4 / 21:25;04/04/2014;21:25:00
410;7;2060;2159;VI 4 / 21:50;04/04/2014;21:50:00
251;2;2065;2153;VI 4 / 21:55;04/04/2014;21:55:00
834;6;2075;2200;VI 4 / 22:05;04/04/2014;22:05:00
586;3;2080;2166;VI 4 / 22:10;04/04/2014;22:10:00
241;16;2085;2170;VI 4 / 22:15;04/04/2014;22:15:00
864;13;2100;2175;VI 4 / 22:30;04/04/2014;22:30:00
1251;4;2105;2197;VI 4 / 22:35;04/04/2014;22:35:00
830;17;2110;2198;VI 4 / 22:40;04/04/2014;22:40:00
1174;1;2110;2258;VI 4 / 22:40;04/04/2014;22:40:00
656;10;2120;2174;VI 4 / 22:50;04/04/2014;22:50:00
728;10;2120;2150;VI 4 / 22:50;04/04/2014;22:50:00
541;5;2130;2243;VI 4 / 23:00;04/04/2014;23:00:00
1084;14;2135;2230;VI 4 / 23:05;04/04/2014;23:05:00
1181;12;2145;2234;VI 4 / 23:15;04/04/2014;23:15:00
503;8;2150;2239;VI 4 / 23:20;04/04/2014;23:20:00
487;9;2155;2225;VI 4 / 23:25;04/04/2014;23:25:00
283;15;2160;2265;VI 4 / 23:30;04/04/2014;23:30:00
422;11;2165;2249;VI 4 / 23:35;04/04/2014;23:35:00
1247;11;2165;2179;VI 4 / 23:35;04/04/2014;23:35:00
1061;2;2200;2325;SA 5 / 00:10;05/04/2014;00:10:00
209;17;2220;2313;SA 5 / 00:30;05/04/2014;00:30:00
1028;5;2240;2363;SA 5 / 00:50;05/04/2014;00:50:00
1203;1;2260;2345;SA 5 / 01:10;05/04/2014;01:10:00
660;3;2270;2365;SA 5 / 01:20;05/04/2014;01:20:00
180;6;2275;2367;SA 5 / 01:25;05/04/2014;01:25:00
154;8;2285;2375;SA 5 / 01:35;05/04/2014;01:35:00
378;9;2290;2380;SA 5 / 01:40;05/04/2014;01:40:00
406;8;2850;2940;SA 5 / 11:00;05/04/2014;11:00:00
422;11;2875;2959;SA 5 / 11:25;05/04/2014;11:25:00
1247;11;2875;2889;SA 5 / 11:25;05/04/2014;11:25:00
66;3;2880;2979;SA 5 / 11:30;05/04/2014;11:30:00
868;10;2890;2965;SA 5 / 11:40;05/04/2014;11:40:00
811;9;2895;2930;SA 5 / 11:45;05/04/2014;11:45:00
900;9;2895;2925;SA 5 / 11:45;05/04/2014;11:45:00
684;17;2940;3035;SA 5 / 12:30;05/04/2014;12:30:00
1174;1;2970;3118;SA 5 / 13:00;05/04/2014;13:00:00
1181;12;2970;3059;SA 5 / 13:00;05/04/2014;13:00:00
518;13;3000;3090;SA 5 / 13:30;05/04/2014;13:30:00
699;11;3005;3065;SA 5 / 13:35;05/04/2014;13:35:00
610;14;3010;3115;SA 5 / 13:40;05/04/2014;13:40:00
1158;9;3015;3097;SA 5 / 13:45;05/04/2014;13:45:00
343;8;3030;3072;SA 5 / 14:00;05/04/2014;14:00:00
347;8;3030;3081;SA 5 / 14:00;05/04/2014;14:00:00
745;5;3040;3116;SA 5 / 14:10;05/04/2014;14:10:00
74;10;3050;3149;SA 5 / 14:20;05/04/2014;14:20:00
834;6;3055;3180;SA 5 / 14:25;05/04/2014;14:25:00
995;7;3060;3174;SA 5 / 14:30;05/04/2014;14:30:00
582;17;3080;3181;SA 5 / 14:50;05/04/2014;14:50:00
927;12;3090;3170;SA 5 / 15:00;05/04/2014;15:00:00
676;4;3135;3210;SA 5 / 15:45;05/04/2014;15:45:00
1307;9;3145;3225;SA 5 / 15:55;05/04/2014;15:55:00
121;16;3150;3229;SA 5 / 16:00;05/04/2014;16:00:00
633;1;3150;3249;SA 5 / 16:00;05/04/2014;16:00:00
1192;14;3150;3240;SA 5 / 16:00;05/04/2014;16:00:00
557;11;3155;3245;SA 5 / 16:05;05/04/2014;16:05:00
748;5;3160;3235;SA 5 / 16:10;05/04/2014;16:10:00
233;2;3185;3196;SA 5 / 16:35;05/04/2014;16:35:00
545;2;3185;3205;SA 5 / 16:35;05/04/2014;16:35:00
1166;2;3185;3238;SA 5 / 16:35;05/04/2014;16:35:00
99;13;3190;3267;SA 5 / 16:40;05/04/2014;16:40:00
1039;10;3200;3297;SA 5 / 16:50;05/04/2014;16:50:00
1114;12;3200;3289;SA 5 / 16:50;05/04/2014;16:50:00
1014;8;3220;3324;SA 5 / 17:10;05/04/2014;17:10:00
735;7;3225;3235;SA 5 / 17:15;05/04/2014;17:15:00
1244;7;3225;3277;SA 5 / 17:15;05/04/2014;17:15:00
852;17;3230;3332;SA 5 / 17:20;05/04/2014;17:20:00
363;3;3240;3250;SA 5 / 17:30;05/04/2014;17:30:00
402;3;3240;3290;SA 5 / 17:30;05/04/2014;17:30:00
1255;3;3240;3251;SA 5 / 17:30;05/04/2014;17:30:00
213;6;3245;3306;SA 5 / 17:35;05/04/2014;17:35:00
339;5;3270;3327;SA 5 / 18:00;05/04/2014;18:00:00
330;16;3280;3280;SA 5 / 18:10;05/04/2014;18:10:00
756;14;3280;3498;SA 5 / 18:10;05/04/2014;18:10:00
975;1;3280;3357;SA 5 / 18:10;05/04/2014;18:10:00
1251;4;3285;3377;SA 5 / 18:15;05/04/2014;18:15:00
916;11;3295;3394;SA 5 / 18:25;05/04/2014;18:25:00
709;9;3315;3410;SA 5 / 18:45;05/04/2014;18:45:00
931;12;3320;3417;SA 5 / 18:50;05/04/2014;18:50:00
713;2;3345;3433;SA 5 / 19:15;05/04/2014;19:15:00
732;13;3360;3437;SA 5 / 19:30;05/04/2014;19:30:00
691;3;3370;3475;SA 5 / 19:40;05/04/2014;19:40:00
598;17;3380;3455;SA 5 / 19:50;05/04/2014;19:50:00
602;7;3385;3491;SA 5 / 19:55;05/04/2014;19:55:00
1275;6;3385;3463;SA 5 / 19:55;05/04/2014;19:55:00
1174;1;3390;3538;SA 5 / 20:00;05/04/2014;20:00:00
763;5;3400;3490;SA 5 / 20:10;05/04/2014;20:10:00
1225;10;3400;3501;SA 5 / 20:10;05/04/2014;20:10:00
307;8;3430;3430;SA 5 / 20:40;05/04/2014;20:40:00
333;16;3430;3430;SA 5 / 20:40;05/04/2014;20:40:00
267;11;3435;3499;SA 5 / 20:45;05/04/2014;20:45:00
637;15;3440;3505;SA 5 / 20:50;05/04/2014;20:50:00
842;4;3445;3525;SA 5 / 20:55;05/04/2014;20:55:00
888;12;3450;3570;SA 5 / 21:00;05/04/2014;21:00:00
578;2;3465;3546;SA 5 / 21:15;05/04/2014;21:15:00
788;9;3505;3675;SA 5 / 21:55;05/04/2014;21:55:00
830;17;3510;3598;SA 5 / 22:00;05/04/2014;22:00:00
541;5;3525;3638;SA 5 / 22:15;05/04/2014;22:15:00
473;13;3530;3605;SA 5 / 22:20;05/04/2014;22:20:00
114;7;3540;3616;SA 5 / 22:30;05/04/2014;22:30:00
1069;6;3545;3636;SA 5 / 22:35;05/04/2014;22:35:00
972;14;3550;3635;SA 5 / 22:40;05/04/2014;22:40:00
382;3;3570;3660;SA 5 / 23:00;05/04/2014;23:00:00
1050;1;3570;3670;SA 5 / 23:00;05/04/2014;23:00:00
1138;16;3570;3706;SA 5 / 23:00;05/04/2014;23:00:00
717;11;3575;3677;SA 5 / 23:05;05/04/2014;23:05:00
150;8;3580;3670;SA 5 / 23:10;05/04/2014;23:10:00
998;12;3600;3676;SA 5 / 23:30;05/04/2014;23:30:00
1207;10;3600;3697;SA 5 / 23:30;05/04/2014;23:30:00
876;4;3605;3717;SA 5 / 23:35;05/04/2014;23:35:00
287;15;3610;3719;SA 5 / 23:40;05/04/2014;23:40:00
418;3;4290;4396;DO 6 / 11:00;06/04/2014;11:00:00
255;17;4335;4424;DO 6 / 11:45;06/04/2014;11:45:00
1229;8;4345;4435;DO 6 / 11:55;06/04/2014;11:55:00
699;11;4390;4450;DO 6 / 12:40;06/04/2014;12:40:00
617;9;4400;4496;DO 6 / 12:50;06/04/2014;12:50:00
351;10;4405;4483;DO 6 / 12:55;06/04/2014;12:55:00
534;7;4410;4462;DO 6 / 13:00;06/04/2014;13:00:00
644;7;4410;4438;DO 6 / 13:00;06/04/2014;13:00:00
1095;13;4420;4513;DO 6 / 13:10;06/04/2014;13:10:00
59;3;4435;4535;DO 6 / 13:25;06/04/2014;13:25:00
594;14;4440;4552;DO 6 / 13:30;06/04/2014;13:30:00
745;5;4445;4521;DO 6 / 13:35;06/04/2014;13:35:00
888;12;4460;4580;DO 6 / 13:50;06/04/2014;13:50:00
1315;1;4470;4587;DO 6 / 14:00;06/04/2014;14:00:00
134;17;4485;4571;DO 6 / 14:15;06/04/2014;14:15:00
1275;6;4510;4588;DO 6 / 14:40;06/04/2014;14:40:00
656;8;4525;4579;DO 6 / 14:55;06/04/2014;14:55:00
728;8;4525;4555;DO 6 / 14:55;06/04/2014;14:55:00
1087;7;4530;4770;DO 6 / 15:00;06/04/2014;15:00:00
355;15;4535;4601;DO 6 / 15:05;06/04/2014;15:05:00
1150;9;4550;4635;DO 6 / 15:20;06/04/2014;15:20:00
748;5;4555;4630;DO 6 / 15:25;06/04/2014;15:25:00
795;13;4560;4678;DO 6 / 15:30;06/04/2014;15:30:00
158;3;4585;4645;DO 6 / 15:55;06/04/2014;15:55:00
299;16;4590;4687;DO 6 / 16:00;06/04/2014;16:00:00
1084;14;4590;4685;DO 6 / 16:00;06/04/2014;16:00:00
578;2;4600;4681;DO 6 / 16:10;06/04/2014;16:10:00
706;12;4610;4705;DO 6 / 16:20;06/04/2014;16:20:00
842;4;4620;4700;DO 6 / 16:30;06/04/2014;16:30:00
1203;1;4620;4705;DO 6 / 16:30;06/04/2014;16:30:00
965;17;4625;4701;DO 6 / 16:35;06/04/2014;16:35:00
247;11;4660;4765;DO 6 / 17:10;06/04/2014;17:10:00
892;5;4665;4915;DO 6 / 17:15;06/04/2014;17:15:00
1069;6;4670;4761;DO 6 / 17:20;06/04/2014;17:20:00
434;10;4675;4755;DO 6 / 17:25;06/04/2014;17:25:00
961;15;4685;4767;DO 6 / 17:35;06/04/2014;17:35:00
586;3;4695;4781;DO 6 / 17:45;06/04/2014;17:45:00
63;8;4705;4777;DO 6 / 17:55;06/04/2014;17:55:00
756;14;4715;4933;DO 6 / 18:05;06/04/2014;18:05:00
336;16;4720;4720;DO 6 / 18:10;06/04/2014;18:10:00
107;9;4730;4798;DO 6 / 18:20;06/04/2014;18:20:00
927;12;4735;4815;DO 6 / 18:25;06/04/2014;18:25:00
975;1;4740;4817;DO 6 / 18:30;06/04/2014;18:30:00
860;2;4750;4839;DO 6 / 18:40;06/04/2014;18:40:00
1263;17;4755;4846;DO 6 / 18:45;06/04/2014;18:45:00
1006;4;4780;4852;DO 6 / 19:10;06/04/2014;19:10:00
1021;13;4780;4867;DO 6 / 19:10;06/04/2014;19:10:00
920;7;4835;4920;DO 6 / 20:05;06/04/2014;20:05:00
738;6;4840;4931;DO 6 / 20:10;06/04/2014;20:10:00
1210;3;4845;4943;DO 6 / 20:15;06/04/2014;20:15:00
251;12;4855;4943;DO 6 / 20:25;06/04/2014;20:25:00
476;10;4855;4936;DO 6 / 20:25;06/04/2014;20:25:00
742;16;4860;4933;DO 6 / 20:30;06/04/2014;20:30:00
1303;1;4860;4953;DO 6 / 20:30;06/04/2014;20:30:00
781;15;4865;4938;DO 6 / 20:35;06/04/2014;20:35:00
774;2;4870;4970;DO 6 / 20:40;06/04/2014;20:40:00
507;8;4875;4936;DO 6 / 20:45;06/04/2014;20:45:00
979;11;4880;4974;DO 6 / 20:50;06/04/2014;20:50:00
510;17;4895;4916;DO 6 / 21:05;06/04/2014;21:05:00
668;17;4895;4909;DO 6 / 21:05;06/04/2014;21:05:00
770;17;4895;4930;DO 6 / 21:05;06/04/2014;21:05:00
1134;17;4895;4905;DO 6 / 21:05;06/04/2014;21:05:00
184;9;4900;4991;DO 6 / 21:10;06/04/2014;21:10:00
237;4;4950;5021;DO 6 / 22:00;06/04/2014;22:00:00
955;13;4955;5038;DO 6 / 22:05;06/04/2014;22:05:00
528;16;4965;5051;DO 6 / 22:15;06/04/2014;22:15:00
1126;7;4965;5054;DO 6 / 22:15;06/04/2014;22:15:00
888;12;4975;5095;DO 6 / 22:25;06/04/2014;22:25:00
162;5;4985;5020;DO 6 / 22:35;06/04/2014;22:35:00
594;14;4985;5097;DO 6 / 22:35;06/04/2014;22:35:00
896;5;4985;5013;DO 6 / 22:35;06/04/2014;22:35:00
803;3;4995;5069;DO 6 / 22:45;06/04/2014;22:45:00
1315;1;4995;5112;DO 6 / 22:45;06/04/2014;22:45:00
1221;6;5010;5106;DO 6 / 23:00;06/04/2014;23:00:00
196;17;5025;5126;DO 6 / 23:15;06/04/2014;23:15:00
968;11;5030;5116;DO 6 / 23:20;06/04/2014;23:20:00
553;8;5035;5132;DO 6 / 23:25;06/04/2014;23:25:00
1170;9;5040;5123;DO 6 / 23:30;06/04/2014;23:30:00
311;15;5045;5142;DO 6 / 23:35;06/04/2014;23:35:00
1279;2;5050;5146;DO 6 / 23:40;06/04/2014;23:40:00
414;10;5055;5125;DO 6 / 23:45;06/04/2014;23:45:00
1106;10;5805;5902;LU 7 / 12:15;07/04/2014;12:15:00
1221;6;5825;5921;LU 7 / 12:35;07/04/2014;12:35:00
1010;15;5835;5900;LU 7 / 12:45;07/04/2014;12:45:00
995;17;5845;5959;LU 7 / 12:55;07/04/2014;12:55:00
1061;1;5860;5985;LU 7 / 13:10;07/04/2014;13:10:00
1299;5;5870;5975;LU 7 / 13:20;07/04/2014;13:20:00
594;14;5900;6012;LU 7 / 13:50;07/04/2014;13:50:00
166;7;5910;5934;LU 7 / 14:00;07/04/2014;14:00:00
503;9;5910;5999;LU 7 / 14:00;07/04/2014;14:00:00
766;12;5910;6008;LU 7 / 14:00;07/04/2014;14:00:00
1214;7;5910;5990;LU 7 / 14:00;07/04/2014;14:00:00
55;13;5920;6031;LU 7 / 14:10;07/04/2014;14:10:00
1014;8;5935;6039;LU 7 / 14:25;07/04/2014;14:25:00
267;11;5940;6004;LU 7 / 14:30;07/04/2014;14:30:00
1240;3;5945;6007;LU 7 / 14:35;07/04/2014;14:35:00
1102;2;5970;6108;LU 7 / 15:00;07/04/2014;15:00:00
876;4;5980;6092;LU 7 / 15:10;07/04/2014;15:10:00
1259;17;6005;6077;LU 7 / 15:35;07/04/2014;15:35:00
892;5;6010;6260;LU 7 / 15:40;07/04/2014;15:40:00
1303;1;6020;6113;LU 7 / 15:50;07/04/2014;15:50:00
706;12;6040;6135;LU 7 / 16:10;07/04/2014;16:10:00
803;3;6055;6129;LU 7 / 16:25;07/04/2014;16:25:00
759;14;6060;6150;LU 7 / 16:30;07/04/2014;16:30:00
247;11;6070;6175;LU 7 / 16:40;07/04/2014;16:40:00
823;7;6075;6172;LU 7 / 16:45;07/04/2014;16:45:00
939;13;6090;6175;LU 7 / 17:00;07/04/2014;17:00:00
303;9;6100;6160;LU 7 / 17:10;07/04/2014;17:10:00
283;15;6105;6210;LU 7 / 17:15;07/04/2014;17:15:00
738;6;6110;6201;LU 7 / 17:20;07/04/2014;17:20:00
410;17;6125;6224;LU 7 / 17:35;07/04/2014;17:35:00
904;4;6130;6225;LU 7 / 17:40;07/04/2014;17:40:00
637;10;6135;6200;LU 7 / 17:45;07/04/2014;17:45:00
339;2;6140;6197;LU 7 / 17:50;07/04/2014;17:50:00
935;1;6145;6268;LU 7 / 17:55;07/04/2014;17:55:00
1307;8;6145;6225;LU 7 / 17:55;07/04/2014;17:55:00
752;12;6170;6258;LU 7 / 18:20;07/04/2014;18:20:00
1154;14;6180;6276;LU 7 / 18:30;07/04/2014;18:30:00
363;3;6185;6195;LU 7 / 18:35;07/04/2014;18:35:00
402;3;6185;6235;LU 7 / 18:35;07/04/2014;18:35:00
1255;3;6185;6196;LU 7 / 18:35;07/04/2014;18:35:00
398;13;6225;6237;LU 7 / 19:15;07/04/2014;19:15:00
884;13;6225;6238;LU 7 / 19:15;07/04/2014;19:15:00
1130;13;6225;6297;LU 7 / 19:15;07/04/2014;19:15:00
849;7;6235;6309;LU 7 / 19:25;07/04/2014;19:25:00
1178;7;6235;6264;LU 7 / 19:25;07/04/2014;19:25:00
815;11;6250;6340;LU 7 / 19:40;07/04/2014;19:40:00
1091;9;6260;6360;LU 7 / 19:50;07/04/2014;19:50:00
1042;2;6270;6350;LU 7 / 20:00;07/04/2014;20:00:00
1098;17;6275;6380;LU 7 / 20:05;07/04/2014;20:05:00
590;6;6280;6374;LU 7 / 20:10;07/04/2014;20:10:00
102;15;6285;6368;LU 7 / 20:15;07/04/2014;20:15:00
465;10;6295;6367;LU 7 / 20:25;07/04/2014;20:25:00
15;4;6300;6370;LU 7 / 20:30;07/04/2014;20:30:00
445;3;6305;6375;LU 7 / 20:35;07/04/2014;20:35:00
374;1;6310;6400;LU 7 / 20:40;07/04/2014;20:40:00
759;14;6310;6400;LU 7 / 20:40;07/04/2014;20:40:00
991;8;6315;6402;LU 7 / 20:45;07/04/2014;20:45:00
713;12;6320;6408;LU 7 / 20:50;07/04/2014;20:50:00
1299;5;6330;6435;LU 7 / 21:00;07/04/2014;21:00:00
355;13;6380;6446;LU 7 / 21:50;07/04/2014;21:50:00
1162;7;6390;6487;LU 7 / 22:00;07/04/2014;22:00:00
1232;6;6410;6516;LU 7 / 22:20;07/04/2014;22:20:00
453;3;6425;6525;LU 7 / 22:35;07/04/2014;22:35:00
648;2;6430;6529;LU 7 / 22:40;07/04/2014;22:40:00
1035;14;6430;6533;LU 7 / 22:40;07/04/2014;22:40:00
1061;1;6430;6555;LU 7 / 22:40;07/04/2014;22:40:00
367;17;6435;6504;LU 7 / 22:45;07/04/2014;22:45:00
173;11;6440;6515;LU 7 / 22:50;07/04/2014;22:50:00
766;12;6440;6538;LU 7 / 22:50;07/04/2014;22:50:00
457;4;6450;6517;LU 7 / 23:00;07/04/2014;23:00:00
1039;8;6455;6552;LU 7 / 23:05;07/04/2014;23:05:00
1225;9;6460;6561;LU 7 / 23:10;07/04/2014;23:10:00
291;15;6465;6566;LU 7 / 23:15;07/04/2014;23:15:00
819;5;6465;6540;LU 7 / 23:15;07/04/2014;23:15:00
864;10;6475;6550;LU 7 / 23:25;07/04/2014;23:25:00
838;11;7170;7292;MA 8 / 11:00;08/04/2014;11:00:00
566;15;7195;7281;MA 8 / 11:25;08/04/2014;11:25:00
784;9;7200;7290;MA 8 / 11:30;08/04/2014;11:30:00
382;3;7235;7325;MA 8 / 12:05;08/04/2014;12:05:00
920;17;7255;7340;MA 8 / 12:25;08/04/2014;12:25:00
892;5;7290;7540;MA 8 / 13:00;08/04/2014;13:00:00
713;12;7310;7398;MA 8 / 13:20;08/04/2014;13:20:00
374;1;7320;7410;MA 8 / 13:30;08/04/2014;13:30:00
343;7;7340;7382;MA 8 / 13:50;08/04/2014;13:50:00
347;7;7340;7391;MA 8 / 13:50;08/04/2014;13:50:00
162;14;7350;7385;MA 8 / 14:00;08/04/2014;14:00:00
896;14;7350;7378;MA 8 / 14:00;08/04/2014;14:00:00
487;8;7355;7425;MA 8 / 14:05;08/04/2014;14:05:00
303;13;7365;7425;MA 8 / 14:15;08/04/2014;14:15:00
680;11;7370;7475;MA 8 / 14:20;08/04/2014;14:20:00
287;15;7375;7484;MA 8 / 14:25;08/04/2014;14:25:00
709;9;7380;7475;MA 8 / 14:30;08/04/2014;14:30:00
1126;17;7405;7494;MA 8 / 14:55;08/04/2014;14:55:00
1295;6;7420;7522;MA 8 / 15:10;08/04/2014;15:10:00
70;12;7430;7538;MA 8 / 15:20;08/04/2014;15:20:00
237;4;7440;7511;MA 8 / 15:30;08/04/2014;15:30:00
676;1;7440;7515;MA 8 / 15:30;08/04/2014;15:30:00
1035;14;7480;7583;MA 8 / 16:10;08/04/2014;16:10:00
633;2;7500;7599;MA 8 / 16:30;08/04/2014;16:30:00
815;11;7510;7600;MA 8 / 16:40;08/04/2014;16:40:00
63;13;7515;7587;MA 8 / 16:45;08/04/2014;16:45:00
691;3;7515;7620;MA 8 / 16:45;08/04/2014;16:45:00
534;17;7535;7587;MA 8 / 17:05;08/04/2014;17:05:00
644;17;7535;7563;MA 8 / 17:05;08/04/2014;17:05:00
951;7;7540;7630;MA 8 / 17:10;08/04/2014;17:10:00
1185;8;7545;7645;MA 8 / 17:15;08/04/2014;17:15:00
1114;6;7550;7639;MA 8 / 17:20;08/04/2014;17:20:00
430;15;7555;7631;MA 8 / 17:25;08/04/2014;17:25:00
602;9;7560;7666;MA 8 / 17:30;08/04/2014;17:30:00
842;12;7580;7660;MA 8 / 17:50;08/04/2014;17:50:00
130;1;7590;7678;MA 8 / 18:00;08/04/2014;18:00:00
1006;4;7590;7662;MA 8 / 18:00;08/04/2014;18:00:00
1118;10;7605;7685;MA 8 / 18:15;08/04/2014;18:15:00
480;5;7610;7672;MA 8 / 18:20;08/04/2014;18:20:00
1154;14;7620;7716;MA 8 / 18:30;08/04/2014;18:30:00
699;11;7630;7690;MA 8 / 18:40;08/04/2014;18:40:00
1042;2;7640;7720;MA 8 / 18:50;08/04/2014;18:50:00
688;7;7680;7768;MA 8 / 19:30;08/04/2014;19:30:00
1267;6;7680;7784;MA 8 / 19:30;08/04/2014;19:30:00
1095;17;7685;7778;MA 8 / 19:35;08/04/2014;19:35:00
280;13;7695;7695;MA 8 / 19:45;08/04/2014;19:45:00
166;8;7705;7729;MA 8 / 19:55;08/04/2014;19:55:00
1214;8;7705;7785;MA 8 / 19:55;08/04/2014;19:55:00
1110;3;7715;7715;MA 8 / 20:05;08/04/2014;20:05:00
315;15;7725;7818;MA 8 / 20:15;08/04/2014;20:15:00
217;4;7740;7805;MA 8 / 20:30;08/04/2014;20:30:00
1279;12;7740;7836;MA 8 / 20:30;08/04/2014;20:30:00
21;1;7750;7845;MA 8 / 20:40;08/04/2014;20:40:00
146;9;7750;7841;MA 8 / 20:40;08/04/2014;20:40:00
162;14;7750;7785;MA 8 / 20:40;08/04/2014;20:40:00
514;5;7750;7834;MA 8 / 20:40;08/04/2014;20:40:00
896;14;7750;7778;MA 8 / 20:40;08/04/2014;20:40:00
394;11;7760;7868;MA 8 / 20:50;08/04/2014;20:50:00
82;10;7785;7801;MA 8 / 21:15;08/04/2014;21:15:00
570;10;7785;7785;MA 8 / 21:15;08/04/2014;21:15:00
1054;10;7785;7805;MA 8 / 21:15;08/04/2014;21:15:00
1080;2;7800;7881;MA 8 / 21:30;08/04/2014;21:30:00
1283;17;7825;7885;MA 8 / 21:55;08/04/2014;21:55:00
1229;7;7830;7920;MA 8 / 22:00;08/04/2014;22:00:00
295;13;7845;7845;MA 8 / 22:15;08/04/2014;22:15:00
10;3;7855;7944;MA 8 / 22:25;08/04/2014;22:25:00
86;6;7860;7960;MA 8 / 22:30;08/04/2014;22:30:00
495;8;7875;7954;MA 8 / 22:45;08/04/2014;22:45:00
70;12;7880;7988;MA 8 / 22:50;08/04/2014;22:50:00
935;1;7880;8003;MA 8 / 22:50;08/04/2014;22:50:00
259;14;7890;7990;MA 8 / 23:00;08/04/2014;23:00:00
880;4;7890;7968;MA 8 / 23:00;08/04/2014;23:00:00
200;10;7895;7985;MA 8 / 23:05;08/04/2014;23:05:00
838;11;7900;8022;MA 8 / 23:10;08/04/2014;23:10:00
319;15;7905;8012;MA 8 / 23:15;08/04/2014;23:15:00
819;5;7920;7995;MA 8 / 23:30;08/04/2014;23:30:00
1188;2;7920;8019;MA 8 / 23:30;08/04/2014;23:30:00
150;9;7930;8020;MA 8 / 23:40;08/04/2014;23:40:00
378;17;7935;8025;MA 8 / 23:45;08/04/2014;23:45:00
394;11;8610;8718;MI 9 / 11:00;09/04/2014;11:00:00
1087;17;8615;8855;MI 9 / 11:05;09/04/2014;11:05:00
445;3;8625;8695;MI 9 / 11:15;09/04/2014;11:15:00
192;8;8655;8730;MI 9 / 11:45;09/04/2014;11:45:00
781;15;8695;8768;MI 9 / 12:25;09/04/2014;12:25:00
4;1;8730;8792;MI 9 / 13:00;09/04/2014;13:00:00
414;9;8740;8810;MI 9 / 13:10;09/04/2014;13:10:00
514;5;8740;8824;MI 9 / 13:10;09/04/2014;13:10:00
221;3;8745;8857;MI 9 / 13:15;09/04/2014;13:15:00
15;4;8750;8820;MI 9 / 13:20;09/04/2014;13:20:00
90;14;8750;8774;MI 9 / 13:20;09/04/2014;13:20:00
507;13;8750;8811;MI 9 / 13:20;09/04/2014;13:20:00
664;14;8750;8800;MI 9 / 13:20;09/04/2014;13:20:00
1279;12;8760;8856;MI 9 / 13:30;09/04/2014;13:30:00
1307;7;8790;8870;MI 9 / 14:00;09/04/2014;14:00:00
476;10;8795;8876;MI 9 / 14:05;09/04/2014;14:05:00
717;11;8800;8902;MI 9 / 14:10;09/04/2014;14:10:00
307;8;8825;8825;MI 9 / 14:35;09/04/2014;14:35:00
491;1;8830;8993;MI 9 / 14:40;09/04/2014;14:40:00
1303;6;8840;8933;MI 9 / 14:50;09/04/2014;14:50:00
1076;9;8860;8880;MI 9 / 15:10;09/04/2014;15:10:00
1322;9;8860;8906;MI 9 / 15:10;09/04/2014;15:10:00
1154;14;8870;8966;MI 9 / 15:20;09/04/2014;15:20:00
648;12;8890;8989;MI 9 / 15:40;09/04/2014;15:40:00
998;2;8890;8966;MI 9 / 15:40;09/04/2014;15:40:00
1251;5;8890;8982;MI 9 / 15:40;09/04/2014;15:40:00
955;13;8905;8988;MI 9 / 15:55;09/04/2014;15:55:00
217;4;8910;8975;MI 9 / 16:00;09/04/2014;16:00:00
327;16;8910;8910;MI 9 / 16:00;09/04/2014;16:00:00
158;3;8915;8975;MI 9 / 16:05;09/04/2014;16:05:00
274;17;8925;9006;MI 9 / 16:15;09/04/2014;16:15:00
86;6;8970;9070;MI 9 / 17:00;09/04/2014;17:00:00
139;7;8970;9050;MI 9 / 17:00;09/04/2014;17:00:00
792;7;8970;9025;MI 9 / 17:00;09/04/2014;17:00:00
912;8;8975;9060;MI 9 / 17:05;09/04/2014;17:05:00
557;11;8980;9070;MI 9 / 17:10;09/04/2014;17:10:00
908;10;8985;9065;MI 9 / 17:15;09/04/2014;17:15:00
291;15;8995;9096;MI 9 / 17:25;09/04/2014;17:25:00
1035;14;9000;9103;MI 9 / 17:30;09/04/2014;17:30:00
154;9;9020;9110;MI 9 / 17:50;09/04/2014;17:50:00
590;12;9020;9114;MI 9 / 17:50;09/04/2014;17:50:00
453;3;9035;9135;MI 9 / 18:05;09/04/2014;18:05:00
4;1;9040;9102;MI 9 / 18:10;09/04/2014;18:10:00
51;2;9040;9141;MI 9 / 18:10;09/04/2014;18:10:00
244;16;9040;9140;MI 9 / 18:10;09/04/2014;18:10:00
213;5;9050;9111;MI 9 / 18:20;09/04/2014;18:20:00
617;17;9055;9151;MI 9 / 18:25;09/04/2014;18:25:00
1014;13;9065;9169;MI 9 / 18:35;09/04/2014;18:35:00
457;4;9070;9137;MI 9 / 18:40;09/04/2014;18:40:00
390;14;9140;9168;MI 9 / 19:50;09/04/2014;19:50:00
438;14;9140;9195;MI 9 / 19:50;09/04/2014;19:50:00
491;1;9140;9303;MI 9 / 19:50;09/04/2014;19:50:00
958;11;9140;9230;MI 9 / 19:50;09/04/2014;19:50:00
1271;14;9140;9175;MI 9 / 19:50;09/04/2014;19:50:00
652;6;9150;9255;MI 9 / 20:00;09/04/2014;20:00:00
868;7;9150;9225;MI 9 / 20:00;09/04/2014;20:00:00
904;5;9150;9245;MI 9 / 20:00;09/04/2014;20:00:00
1232;12;9150;9256;MI 9 / 20:00;09/04/2014;20:00:00
799;8;9155;9244;MI 9 / 20:05;09/04/2014;20:05:00
449;10;9165;9258;MI 9 / 20:15;09/04/2014;20:15:00
371;16;9170;9250;MI 9 / 20:20;09/04/2014;20:20:00
826;2;9170;9288;MI 9 / 20:20;09/04/2014;20:20:00
695;15;9175;9255;MI 9 / 20:25;09/04/2014;20:25:00
188;9;9190;9276;MI 9 / 20:40;09/04/2014;20:40:00
939;17;9195;9280;MI 9 / 20:45;09/04/2014;20:45:00
606;4;9210;9290;MI 9 / 21:00;09/04/2014;21:00:00
1110;3;9235;9235;MI 9 / 21:25;09/04/2014;21:25:00
637;13;9265;9330;MI 9 / 21:55;09/04/2014;21:55:00
121;16;9280;9359;MI 9 / 22:10;09/04/2014;22:10:00
386;14;9290;9385;MI 9 / 22:20;09/04/2014;22:20:00
721;11;9290;9404;MI 9 / 22:20;09/04/2014;22:20:00
1158;7;9290;9372;MI 9 / 22:20;09/04/2014;22:20:00
625;5;9320;9400;MI 9 / 22:50;09/04/2014;22:50:00
126;8;9325;9418;MI 9 / 22:55;09/04/2014;22:55:00
648;12;9330;9429;MI 9 / 23:00;09/04/2014;23:00:00
1106;17;9335;9432;MI 9 / 23:05;09/04/2014;23:05:00
1046;6;9340;9436;MI 9 / 23:10;09/04/2014;23:10:00
176;10;9345;9358;MI 9 / 23:15;09/04/2014;23:15:00
856;10;9345;9386;MI 9 / 23:15;09/04/2014;23:15:00
1318;2;9350;9428;MI 9 / 23:20;09/04/2014;23:20:00
323;15;9355;9468;MI 9 / 23:25;09/04/2014;23:25:00
142;9;9360;9445;MI 9 / 23:30;09/04/2014;23:30:00
1065;1;9360;9447;MI 9 / 23:30;09/04/2014;23:30:00
586;3;9365;9451;MI 9 / 23:35;09/04/2014;23:35:00
880;4;9370;9448;MI 9 / 23:40;09/04/2014;23:40:00
986;6;10050;10154;JU 10 / 11:00;10/04/2014;11:00:00
315;3;10055;10148;JU 10 / 11:05;10/04/2014;11:05:00
1138;10;10065;10201;JU 10 / 11:15;10/04/2014;11:15:00
267;11;10070;10134;JU 10 / 11:20;10/04/2014;11:20:00
280;8;10105;10105;JU 10 / 11:55;10/04/2014;11:55:00
1018;9;10120;10180;JU 10 / 12:10;10/04/2014;12:10:00
1006;12;10170;10242;JU 10 / 13:00;10/04/2014;13:00:00
430;13;10185;10261;JU 10 / 13:15;10/04/2014;13:15:00
43;11;10190;10280;JU 10 / 13:20;10/04/2014;13:20:00
1069;5;10200;10291;JU 10 / 13:30;10/04/2014;13:30:00
386;14;10220;10315;JU 10 / 13:50;10/04/2014;13:50:00
319;3;10225;10332;JU 10 / 13:55;10/04/2014;13:55:00
398;17;10235;10247;JU 10 / 14:05;10/04/2014;14:05:00
884;17;10235;10248;JU 10 / 14:05;10/04/2014;14:05:00
1130;17;10235;10307;JU 10 / 14:05;10/04/2014;14:05:00
849;7;10250;10324;JU 10 / 14:20;10/04/2014;14:20:00
1065;1;10250;10337;JU 10 / 14:20;10/04/2014;14:20:00
1178;7;10250;10279;JU 10 / 14:20;10/04/2014;14:20:00
872;8;10255;10320;JU 10 / 14:25;10/04/2014;14:25:00
102;9;10270;10353;JU 10 / 14:40;10/04/2014;14:40:00
961;15;10285;10367;JU 10 / 14:55;10/04/2014;14:55:00
200;10;10295;10385;JU 10 / 15:05;10/04/2014;15:05:00
606;4;10300;10380;JU 10 / 15:10;10/04/2014;15:10:00
1050;6;10310;10410;JU 10 / 15:20;10/04/2014;15:20:00
51;2;10320;10421;JU 10 / 15:30;10/04/2014;15:30:00
1275;12;10320;10398;JU 10 / 15:30;10/04/2014;15:30:00
613;11;10340;10523;JU 10 / 15:50;10/04/2014;15:50:00
784;13;10350;10440;JU 10 / 16:00;10/04/2014;16:00:00
259;5;10360;10460;JU 10 / 16:10;10/04/2014;16:10:00
204;1;10370;10459;JU 10 / 16:20;10/04/2014;16:20:00
330;16;10370;10370;JU 10 / 16:20;10/04/2014;16:20:00
1162;17;10385;10482;JU 10 / 16:35;10/04/2014;16:35:00
390;14;10395;10423;JU 10 / 16:45;10/04/2014;16:45:00
438;14;10395;10450;JU 10 / 16:45;10/04/2014;16:45:00
1271;14;10395;10430;JU 10 / 16:45;10/04/2014;16:45:00
495;8;10405;10484;JU 10 / 16:55;10/04/2014;16:55:00
1058;7;10405;10498;JU 10 / 16:55;10/04/2014;16:55:00
561;18;10410;10495;JU 10 / 17:00;10/04/2014;17:00:00
323;3;10415;10528;JU 10 / 17:05;10/04/2014;17:05:00
33;10;10435;10483;JU 10 / 17:25;10/04/2014;17:25:00
947;10;10435;10491;JU 10 / 17:25;10/04/2014;17:25:00
652;6;10440;10545;JU 10 / 17:30;10/04/2014;17:30:00
449;9;10450;10543;JU 10 / 17:40;10/04/2014;17:40:00
1073;4;10460;10554;JU 10 / 17:50;10/04/2014;17:50:00
908;15;10465;10545;JU 10 / 17:55;10/04/2014;17:55:00
374;2;10470;10560;JU 10 / 18:00;10/04/2014;18:00:00
738;12;10475;10566;JU 10 / 18:05;10/04/2014;18:05:00
904;5;10490;10585;JU 10 / 18:20;10/04/2014;18:20:00
1267;1;10500;10604;JU 10 / 18:30;10/04/2014;18:30:00
271;16;10510;10590;JU 10 / 18:40;10/04/2014;18:40:00
277;16;10510;10552;JU 10 / 18:40;10/04/2014;18:40:00
566;13;10530;10616;JU 10 / 19:00;10/04/2014;19:00:00
951;17;10535;10625;JU 10 / 19:05;10/04/2014;19:05:00
1185;7;10545;10645;JU 10 / 19:15;10/04/2014;19:15:00
1199;14;10545;10620;JU 10 / 19:15;10/04/2014;19:15:00
916;11;10580;10679;JU 10 / 19:50;10/04/2014;19:50:00
823;8;10585;10682;JU 10 / 19:55;10/04/2014;19:55:00
359;4;10590;10674;JU 10 / 20:00;10/04/2014;20:00:00
263;3;10595;10700;JU 10 / 20:05;10/04/2014;20:05:00
1287;2;10600;10710;JU 10 / 20:10;10/04/2014;20:10:00
225;6;10610;10705;JU 10 / 20:20;10/04/2014;20:20:00
176;15;10625;10638;JU 10 / 20:35;10/04/2014;20:35:00
856;15;10625;10666;JU 10 / 20:35;10/04/2014;20:35:00
99;9;10630;10707;JU 10 / 20:40;10/04/2014;20:40:00
126;10;10635;10728;JU 10 / 20:45;10/04/2014;20:45:00
70;12;10640;10748;JU 10 / 20:50;10/04/2014;20:50:00
1217;1;10640;10742;JU 10 / 20:50;10/04/2014;20:50:00
982;14;10650;10720;JU 10 / 21:00;10/04/2014;21:00:00
625;5;10660;10740;JU 10 / 21:10;10/04/2014;21:10:00
703;17;10675;10750;JU 10 / 21:25;10/04/2014;21:25:00
503;7;10695;10784;JU 10 / 21:45;10/04/2014;21:45:00
487;13;10705;10775;JU 10 / 21:55;10/04/2014;21:55:00
553;16;10710;10807;JU 10 / 22:00;10/04/2014;22:00:00
38;11;10750;10783;JU 10 / 22:40;10/04/2014;22:40:00
90;14;10750;10774;JU 10 / 22:40;10/04/2014;22:40:00
95;11;10750;10825;JU 10 / 22:40;10/04/2014;22:40:00
664;14;10750;10800;JU 10 / 22:40;10/04/2014;22:40:00
531;8;10755;10855;JU 10 / 22:45;10/04/2014;22:45:00
46;2;10760;10787;JU 10 / 22:50;10/04/2014;22:50:00
672;2;10760;10816;JU 10 / 22:50;10/04/2014;22:50:00
1002;2;10760;10787;JU 10 / 22:50;10/04/2014;22:50:00
469;4;10770;10856;JU 10 / 23:00;10/04/2014;23:00:00
1142;5;10770;10878;JU 10 / 23:00;10/04/2014;23:00:00
499;15;10775;10850;JU 10 / 23:05;10/04/2014;23:05:00
204;1;10780;10869;JU 10 / 23:10;10/04/2014;23:10:00
590;12;10780;10874;JU 10 / 23:10;10/04/2014;23:10:00
311;3;10785;10882;JU 10 / 23:15;10/04/2014;23:15:00
986;6;10790;10894;JU 10 / 23:20;10/04/2014;23:20:00
367;17;10795;10864;JU 10 / 23:25;10/04/2014;23:25:00
799;9;10800;10889;JU 10 / 23:30;10/04/2014;23:30:00
82;10;10815;10831;JU 10 / 23:45;10/04/2014;23:45:00
570;10;10815;10815;JU 10 / 23:45;10/04/2014;23:45:00
1054;10;10815;10835;JU 10 / 23:45;10/04/2014;23:45:00
561;16;10830;10915;VI 11 / 00:00;11/04/2014;00:00:00
1203;4;10830;10915;VI 11 / 00:00;11/04/2014;00:00:00
766;6;10870;10968;VI 11 / 00:40;11/04/2014;00:40:00
1311;2;10880;10999;VI 11 / 00:50;11/04/2014;00:50:00
192;15;10905;10980;VI 11 / 01:15;11/04/2014;01:15:00
114;10;10915;10991;VI 11 / 01:25;11/04/2014;01:25:00
1024;3;11515;11615;VI 11 / 11:25;11/04/2014;11:25:00
469;4;11530;11616;VI 11 / 11:40;11/04/2014;11:40:00
656;8;11535;11589;VI 11 / 11:45;11/04/2014;11:45:00
728;8;11535;11565;VI 11 / 11:45;11/04/2014;11:45:00
815;11;11560;11650;VI 11 / 12:10;11/04/2014;12:10:00
146;9;11580;11671;VI 11 / 12:30;11/04/2014;12:30:00
982;14;11610;11680;VI 11 / 13:00;11/04/2014;13:00:00
426;12;11630;11737;VI 11 / 13:20;11/04/2014;13:20:00
10;3;11635;11724;VI 11 / 13:25;11/04/2014;13:25:00
74;7;11640;11739;VI 11 / 13:30;11/04/2014;13:30:00
1311;2;11640;11759;VI 11 / 13:30;11/04/2014;13:30:00
134;17;11645;11731;VI 11 / 13:35;11/04/2014;13:35:00
359;4;11650;11734;VI 11 / 13:40;11/04/2014;13:40:00
107;8;11665;11733;VI 11 / 13:55;11/04/2014;13:55:00
1091;15;11675;11775;VI 11 / 14:05;11/04/2014;14:05:00
968;11;11680;11766;VI 11 / 14:10;11/04/2014;14:10:00
1217;1;11680;11782;VI 11 / 14:10;11/04/2014;14:10:00
799;13;11690;11779;VI 11 / 14:20;11/04/2014;14:20:00
1142;5;11690;11798;VI 11 / 14:20;11/04/2014;14:20:00
1050;6;11700;11800;VI 11 / 14:30;11/04/2014;14:30:00
1199;14;11710;11785;VI 11 / 14:40;11/04/2014;14:40:00
434;10;11745;11825;VI 11 / 15:15;11/04/2014;15:15:00
150;9;11760;11850;VI 11 / 15:30;11/04/2014;15:30:00
86;12;11770;11870;VI 11 / 15:40;11/04/2014;15:40:00
1240;3;11775;11837;VI 11 / 15:45;11/04/2014;15:45:00
255;17;11785;11874;VI 11 / 15:55;11/04/2014;15:55:00
333;16;11790;11790;VI 11 / 16:00;11/04/2014;16:00:00
735;7;11790;11800;VI 11 / 16:00;11/04/2014;16:00:00
1244;7;11790;11842;VI 11 / 16:00;11/04/2014;16:00:00
1287;2;11790;11900;VI 11 / 16:00;11/04/2014;16:00:00
390;14;11815;11843;VI 11 / 16:25;11/04/2014;16:25:00
438;14;11815;11870;VI 11 / 16:25;11/04/2014;16:25:00
1271;14;11815;11850;VI 11 / 16:25;11/04/2014;16:25:00
1267;1;11820;11924;VI 11 / 16:30;11/04/2014;16:30:00
33;8;11825;11873;VI 11 / 16:35;11/04/2014;16:35:00
947;8;11825;11881;VI 11 / 16:35;11/04/2014;16:35:00
15;5;11830;11900;VI 11 / 16:40;11/04/2014;16:40:00
225;6;11830;11925;VI 11 / 16:40;11/04/2014;16:40:00
1076;13;11830;11850;VI 11 / 16:40;11/04/2014;16:40:00
1322;13;11830;11876;VI 11 / 16:40;11/04/2014;16:40:00
958;11;11840;11930;VI 11 / 16:50;11/04/2014;16:50:00
465;15;11845;11917;VI 11 / 16:55;11/04/2014;16:55:00
418;3;11895;12001;VI 11 / 17:45;11/04/2014;17:45:00
684;7;11900;11995;VI 11 / 17:50;11/04/2014;17:50:00
336;16;11910;11910;VI 11 / 18:00;11/04/2014;18:00:00
1118;10;11915;11995;VI 11 / 18:05;11/04/2014;18:05:00
931;2;11930;12027;VI 11 / 18:20;11/04/2014;18:20:00
154;9;11940;12030;VI 11 / 18:30;11/04/2014;18:30:00
237;12;11940;12011;VI 11 / 18:30;11/04/2014;18:30:00
574;17;11945;12064;VI 11 / 18:35;11/04/2014;18:35:00
982;14;11965;12035;VI 11 / 18:55;11/04/2014;18:55:00
259;5;11970;12070;VI 11 / 19:00;11/04/2014;19:00:00
613;11;11970;12153;VI 11 / 19:00;11/04/2014;19:00:00
55;13;11990;12101;VI 11 / 19:20;11/04/2014;19:20:00
1073;4;11990;12084;VI 11 / 19:20;11/04/2014;19:20:00
549;6;12000;12096;VI 11 / 19:30;11/04/2014;19:30:00
695;15;12005;12085;VI 11 / 19:35;11/04/2014;19:35:00
484;16;12020;12088;VI 11 / 19:50;11/04/2014;19:50:00
912;8;12025;12110;VI 11 / 19:55;11/04/2014;19:55:00
184;7;12050;12141;VI 11 / 20:20;11/04/2014;20:20:00
59;3;12055;12155;VI 11 / 20:25;11/04/2014;20:25:00
386;14;12065;12160;VI 11 / 20:35;11/04/2014;20:35:00
4;2;12070;12132;VI 11 / 20:40;11/04/2014;20:40:00
1236;10;12075;12156;VI 11 / 20:45;11/04/2014;20:45:00
1046;12;12080;12176;VI 11 / 20:50;11/04/2014;20:50:00
1188;1;12080;12179;VI 11 / 20:50;11/04/2014;20:50:00
457;5;12100;12167;VI 11 / 21:10;11/04/2014;21:10:00
920;17;12115;12200;VI 11 / 21:25;11/04/2014;21:25:00
188;16;12120;12206;VI 11 / 21:30;11/04/2014;21:30:00
461;4;12120;12241;VI 11 / 21:30;11/04/2014;21:30:00
351;9;12130;12208;VI 11 / 21:40;11/04/2014;21:40:00
621;6;12140;12235;VI 11 / 21:50;11/04/2014;21:50:00
476;13;12150;12231;VI 11 / 22:00;11/04/2014;22:00:00
169;2;12170;12280;VI 11 / 22:20;11/04/2014;22:20:00
499;15;12185;12260;VI 11 / 22:35;11/04/2014;22:35:00
811;7;12190;12225;VI 11 / 22:40;11/04/2014;22:40:00
900;7;12190;12220;VI 11 / 22:40;11/04/2014;22:40:00
1162;10;12205;12302;VI 11 / 22:55;11/04/2014;22:55:00
426;12;12210;12317;VI 11 / 23:00;11/04/2014;23:00:00
521;1;12210;12300;VI 11 / 23:00;11/04/2014;23:00:00
717;11;12210;12312;VI 11 / 23:00;11/04/2014;23:00:00
26;8;12215;12339;VI 11 / 23:05;11/04/2014;23:05:00
876;14;12230;12342;VI 11 / 23:20;11/04/2014;23:20:00
180;5;12240;12332;VI 11 / 23:30;11/04/2014;23:30:00
382;3;12245;12335;VI 11 / 23:35;11/04/2014;23:35:00
1170;17;12255;12338;VI 11 / 23:45;11/04/2014;23:45:00
263;9;12260;12365;VI 11 / 23:50;11/04/2014;23:50:00
1138;10;12285;12421;SA 12 / 00:15;12/04/2014;00:15:00
180;5;12310;12402;SA 12 / 00:40;12/04/2014;00:40:00
410;17;12315;12414;SA 12 / 00:45;12/04/2014;00:45:00
1188;1;12330;12429;SA 12 / 01:00;12/04/2014;01:00:00
660;3;12335;12430;SA 12 / 01:05;12/04/2014;01:05:00
864;15;12345;12420;SA 12 / 01:15;12/04/2014;01:15:00
204;2;12360;12449;SA 12 / 01:30;12/04/2014;01:30:00
1031;2;12940;13030;SA 12 / 11:10;12/04/2014;11:10:00
59;3;12955;13055;SA 12 / 11:25;12/04/2014;11:25:00
461;4;12960;13081;SA 12 / 11:30;12/04/2014;11:30:00
979;11;12970;13064;SA 12 / 11:40;12/04/2014;11:40:00
1236;10;12975;13056;SA 12 / 11:45;12/04/2014;11:45:00
473;17;12995;13070;SA 12 / 12:05;12/04/2014;12:05:00
549;6;13020;13116;SA 12 / 12:30;12/04/2014;12:30:00
449;9;13050;13143;SA 12 / 13:00;12/04/2014;13:00:00
510;7;13060;13081;SA 12 / 13:10;12/04/2014;13:10:00
668;7;13060;13074;SA 12 / 13:10;12/04/2014;13:10:00
725;2;13060;13145;SA 12 / 13:10;12/04/2014;13:10:00
770;7;13060;13095;SA 12 / 13:10;12/04/2014;13:10:00
1134;7;13060;13070;SA 12 / 13:10;12/04/2014;13:10:00
629;5;13070;13157;SA 12 / 13:20;12/04/2014;13:20:00
732;15;13075;13152;SA 12 / 13:25;12/04/2014;13:25:00
860;12;13090;13179;SA 12 / 13:40;12/04/2014;13:40:00
518;10;13105;13195;SA 12 / 13:55;12/04/2014;13:55:00
359;4;13110;13194;SA 12 / 14:00;12/04/2014;14:00:00
1295;1;13110;13212;SA 12 / 14:00;12/04/2014;14:00:00
307;8;13115;13115;SA 12 / 14:05;12/04/2014;14:05:00
908;13;13120;13200;SA 12 / 14:10;12/04/2014;14:10:00
1146;14;13120;13244;SA 12 / 14:10;12/04/2014;14:10:00
398;17;13125;13137;SA 12 / 14:15;12/04/2014;14:15:00
884;17;13125;13138;SA 12 / 14:15;12/04/2014;14:15:00
1130;17;13125;13197;SA 12 / 14:15;12/04/2014;14:15:00
916;11;13130;13229;SA 12 / 14:20;12/04/2014;14:20:00
158;3;13145;13205;SA 12 / 14:35;12/04/2014;14:35:00
621;6;13150;13245;SA 12 / 14:40;12/04/2014;14:40:00
598;7;13190;13265;SA 12 / 15:20;12/04/2014;15:20:00
606;5;13190;13270;SA 12 / 15:20;12/04/2014;15:20:00
1232;12;13210;13316;SA 12 / 15:40;12/04/2014;15:40:00
1031;2;13220;13310;SA 12 / 15:50;12/04/2014;15:50:00
107;9;13230;13298;SA 12 / 16:00;12/04/2014;16:00:00
465;15;13245;13317;SA 12 / 16:15;12/04/2014;16:15:00
271;16;13250;13330;SA 12 / 16:20;12/04/2014;16:20:00
277;16;13250;13292;SA 12 / 16:20;12/04/2014;16:20:00
652;1;13250;13355;SA 12 / 16:20;12/04/2014;16:20:00
912;13;13250;13335;SA 12 / 16:20;12/04/2014;16:20:00
691;3;13255;13360;SA 12 / 16:25;12/04/2014;16:25:00
1091;8;13275;13375;SA 12 / 16:45;12/04/2014;16:45:00
1199;14;13275;13350;SA 12 / 16:45;12/04/2014;16:45:00
469;4;13280;13366;SA 12 / 16:50;12/04/2014;16:50:00
1021;10;13285;13372;SA 12 / 16:55;12/04/2014;16:55:00
1087;17;13295;13535;SA 12 / 17:05;12/04/2014;17:05:00
557;11;13300;13390;SA 12 / 17:10;12/04/2014;17:10:00
1263;7;13310;13401;SA 12 / 17:20;12/04/2014;17:20:00
807;6;13320;13395;SA 12 / 17:30;12/04/2014;17:30:00
1042;5;13340;13420;SA 12 / 17:50;12/04/2014;17:50:00
725;2;13350;13435;SA 12 / 18:00;12/04/2014;18:00:00
233;14;13380;13391;SA 12 / 18:30;12/04/2014;18:30:00
545;14;13380;13400;SA 12 / 18:30;12/04/2014;18:30:00
1166;14;13380;13433;SA 12 / 18:30;12/04/2014;18:30:00
142;9;13390;13475;SA 12 / 18:40;12/04/2014;18:40:00
860;12;13390;13479;SA 12 / 18:40;12/04/2014;18:40:00
927;4;13400;13480;SA 12 / 18:50;12/04/2014;18:50:00
991;15;13405;13492;SA 12 / 18:55;12/04/2014;18:55:00
924;18;13410;13502;SA 12 / 19:00;12/04/2014;19:00:00
126;13;13420;13513;SA 12 / 19:10;12/04/2014;19:10:00
1195;6;13430;13527;SA 12 / 19:20;12/04/2014;19:20:00
1318;1;13430;13508;SA 12 / 19:20;12/04/2014;19:20:00
196;7;13450;13551;SA 12 / 19:40;12/04/2014;19:40:00
442;16;13450;13531;SA 12 / 19:40;12/04/2014;19:40:00
418;3;13455;13561;SA 12 / 19:45;12/04/2014;19:45:00
200;10;13465;13555;SA 12 / 19:55;12/04/2014;19:55:00
795;8;13475;13593;SA 12 / 20:05;12/04/2014;20:05:00
1142;5;13490;13598;SA 12 / 20:20;12/04/2014;20:20:00
247;11;13500;13605;SA 12 / 20:30;12/04/2014;20:30:00
774;14;13500;13600;SA 12 / 20:30;12/04/2014;20:30:00
426;12;13510;13617;SA 12 / 20:40;12/04/2014;20:40:00
1287;2;13510;13620;SA 12 / 20:40;12/04/2014;20:40:00
229;4;13520;13596;SA 12 / 20:50;12/04/2014;20:50:00
1283;15;13535;13595;SA 12 / 21:05;12/04/2014;21:05:00
521;1;13540;13630;SA 12 / 21:10;12/04/2014;21:10:00
1259;9;13540;13612;SA 12 / 21:10;12/04/2014;21:10:00
625;6;13560;13640;SA 12 / 21:30;12/04/2014;21:30:00
742;16;13570;13643;SA 12 / 21:40;12/04/2014;21:40:00
961;13;13590;13672;SA 12 / 22:00;12/04/2014;22:00:00
830;7;13600;13688;SA 12 / 22:10;12/04/2014;22:10:00
414;10;13605;13675;SA 12 / 22:15;12/04/2014;22:15:00
1126;17;13615;13704;SA 12 / 22:25;12/04/2014;22:25:00
66;3;13625;13724;SA 12 / 22:35;12/04/2014;22:35:00
538;4;13630;13836;SA 12 / 22:40;12/04/2014;22:40:00
1122;5;13630;13715;SA 12 / 22:40;12/04/2014;22:40:00
1146;14;13630;13754;SA 12 / 22:40;12/04/2014;22:40:00
422;11;13640;13724;SA 12 / 22:50;12/04/2014;22:50:00
1247;11;13640;13654;SA 12 / 22:50;12/04/2014;22:50:00
939;15;13645;13730;SA 12 / 22:55;12/04/2014;22:55:00
1046;12;13650;13746;SA 12 / 23:00;12/04/2014;23:00:00
1311;2;13650;13769;SA 12 / 23:00;12/04/2014;23:00:00
531;8;13655;13755;SA 12 / 23:05;12/04/2014;23:05:00
406;9;13660;13750;SA 12 / 23:10;12/04/2014;23:10:00
1318;1;13660;13738;SA 12 / 23:10;12/04/2014;23:10:00
209;16;13690;13783;SA 12 / 23:40;12/04/2014;23:40:00
1065;6;13690;13777;SA 12 / 23:40;12/04/2014;23:40:00
1217;6;14370;14472;DO 13 / 11:00;13/04/2014;11:00:00
461;4;14380;14501;DO 13 / 11:10;13/04/2014;11:10:00
1225;8;14385;14486;DO 13 / 11:15;13/04/2014;11:15:00
363;3;14405;14415;DO 13 / 11:35;13/04/2014;11:35:00
402;3;14405;14455;DO 13 / 11:35;13/04/2014;11:35:00
1255;3;14405;14416;DO 13 / 11:35;13/04/2014;11:35:00
1010;9;14430;14495;DO 13 / 12:00;13/04/2014;12:00:00
1098;15;14435;14540;DO 13 / 12:05;13/04/2014;12:05:00
748;2;14450;14525;DO 13 / 12:20;13/04/2014;12:20:00
82;10;14455;14471;DO 13 / 12:25;13/04/2014;12:25:00
570;10;14455;14455;DO 13 / 12:25;13/04/2014;12:25:00
1054;10;14455;14475;DO 13 / 12:25;13/04/2014;12:25:00
38;11;14490;14523;DO 13 / 13:00;13/04/2014;13:00:00
95;11;14490;14565;DO 13 / 13:00;13/04/2014;13:00:00
311;7;14490;14587;DO 13 / 13:00;13/04/2014;13:00:00
826;14;14490;14608;DO 13 / 13:00;13/04/2014;13:00:00
549;6;14500;14596;DO 13 / 13:10;13/04/2014;13:10:00
695;13;14500;14580;DO 13 / 13:10;13/04/2014;13:10:00
534;17;14505;14557;DO 13 / 13:15;13/04/2014;13:15:00
644;17;14505;14533;DO 13 / 13:15;13/04/2014;13:15:00
1221;1;14510;14606;DO 13 / 13:20;13/04/2014;13:20:00
10;3;14525;14614;DO 13 / 13:35;13/04/2014;13:35:00
46;12;14530;14557;DO 13 / 13:40;13/04/2014;13:40:00
672;12;14530;14586;DO 13 / 13:40;13/04/2014;13:40:00
778;4;14530;14612;DO 13 / 13:40;13/04/2014;13:40:00
1002;12;14530;14557;DO 13 / 13:40;13/04/2014;13:40:00
688;8;14535;14623;DO 13 / 13:45;13/04/2014;13:45:00
225;5;14540;14635;DO 13 / 13:50;13/04/2014;13:50:00
951;9;14560;14650;DO 13 / 14:10;13/04/2014;14:10:00
495;10;14565;14644;DO 13 / 14:15;13/04/2014;14:15:00
975;2;14570;14647;DO 13 / 14:20;13/04/2014;14:20:00
872;15;14595;14660;DO 13 / 14:45;13/04/2014;14:45:00
621;6;14630;14725;DO 13 / 15:20;13/04/2014;15:20:00
582;17;14635;14736;DO 13 / 15:25;13/04/2014;15:25:00
774;14;14640;14740;DO 13 / 15:30;13/04/2014;15:30:00
880;1;14640;14718;DO 13 / 15:30;13/04/2014;15:30:00
315;7;14660;14753;DO 13 / 15:50;13/04/2014;15:50:00
1210;3;14665;14763;DO 13 / 15:55;13/04/2014;15:55:00
283;13;14670;14775;DO 13 / 16:00;13/04/2014;16:00:00
721;11;14670;14784;DO 13 / 16:00;13/04/2014;16:00:00
1150;16;14670;14755;DO 13 / 16:00;13/04/2014;16:00:00
788;8;14675;14845;DO 13 / 16:05;13/04/2014;16:05:00
169;12;14680;14790;DO 13 / 16:10;13/04/2014;16:10:00
525;4;14680;14752;DO 13 / 16:10;13/04/2014;16:10:00
1031;2;14690;14780;DO 13 / 16:20;13/04/2014;16:20:00
217;5;14710;14775;DO 13 / 16:40;13/04/2014;16:40:00
26;9;14720;14844;DO 13 / 16:50;13/04/2014;16:50:00
709;10;14735;14830;DO 13 / 17:05;13/04/2014;17:05:00
263;15;14755;14860;DO 13 / 17:25;13/04/2014;17:25:00
1146;14;14770;14894;DO 13 / 17:40;13/04/2014;17:40:00
491;6;14780;14943;DO 13 / 17:50;13/04/2014;17:50:00
574;17;14785;14904;DO 13 / 17:55;13/04/2014;17:55:00
578;1;14790;14871;DO 13 / 18:00;13/04/2014;18:00:00
299;16;14800;14897;DO 13 / 18:10;13/04/2014;18:10:00
204;2;14810;14899;DO 13 / 18:20;13/04/2014;18:20:00
1110;3;14815;14815;DO 13 / 18:25;13/04/2014;18:25:00
46;12;14820;14847;DO 13 / 18:30;13/04/2014;18:30:00
78;4;14820;14900;DO 13 / 18:30;13/04/2014;18:30:00
672;12;14820;14876;DO 13 / 18:30;13/04/2014;18:30:00
1002;12;14820;14847;DO 13 / 18:30;13/04/2014;18:30:00
319;7;14830;14937;DO 13 / 18:40;13/04/2014;18:40:00
287;13;14840;14949;DO 13 / 18:50;13/04/2014;18:50:00
613;11;14850;15033;DO 13 / 19:00;13/04/2014;19:00:00
924;18;14850;14942;DO 13 / 19:00;13/04/2014;19:00:00
1122;5;14850;14935;DO 13 / 19:00;13/04/2014;19:00:00
834;1;14910;15035;DO 13 / 20:00;13/04/2014;20:00:00
1118;9;14910;14990;DO 13 / 20:00;13/04/2014;20:00:00
434;8;14915;14995;DO 13 / 20:05;13/04/2014;20:05:00
102;10;14925;15008;DO 13 / 20:15;13/04/2014;20:15:00
241;16;14925;15010;DO 13 / 20:15;13/04/2014;20:15:00
453;3;14935;15035;DO 13 / 20:25;13/04/2014;20:25:00
541;2;14940;15053;DO 13 / 20:30;13/04/2014;20:30:00
499;15;14945;15020;DO 13 / 20:35;13/04/2014;20:35:00
561;17;14955;15040;DO 13 / 20:45;13/04/2014;20:45:00
514;4;14970;15054;DO 13 / 21:00;13/04/2014;21:00:00
943;12;14970;15058;DO 13 / 21:00;13/04/2014;21:00:00
1291;5;14970;15047;DO 13 / 21:00;13/04/2014;21:00:00
1195;6;14980;15077;DO 13 / 21:10;13/04/2014;21:10:00
323;7;15010;15123;DO 13 / 21:40;13/04/2014;21:40:00
291;13;15020;15121;DO 13 / 21:50;13/04/2014;21:50:00
121;16;15040;15119;DO 13 / 22:10;13/04/2014;22:10:00
1295;1;15070;15172;DO 13 / 22:40;13/04/2014;22:40:00
826;14;15080;15198;DO 13 / 22:50;13/04/2014;22:50:00
852;8;15085;15187;DO 13 / 22:55;13/04/2014;22:55:00
169;12;15090;15200;DO 13 / 23:00;13/04/2014;23:00:00
629;5;15090;15177;DO 13 / 23:00;13/04/2014;23:00:00
935;2;15090;15213;DO 13 / 23:00;13/04/2014;23:00:00
602;17;15095;15201;DO 13 / 23:05;13/04/2014;23:05:00
680;11;15100;15205;DO 13 / 23:10;13/04/2014;23:10:00
1236;10;15105;15186;DO 13 / 23:15;13/04/2014;23:15:00
1195;6;15110;15207;DO 13 / 23:20;13/04/2014;23:20:00
176;15;15115;15128;DO 13 / 23:25;13/04/2014;23:25:00
856;15;15115;15156;DO 13 / 23:25;13/04/2014;23:25:00
1024;3;15125;15225;DO 13 / 23:35;13/04/2014;23:35:00
229;4;15130;15206;DO 13 / 23:40;13/04/2014;23:40:00
